Module,End Point,Version,Method,Aurguments,,Description,Payload ,Response Format,Role,DocType Involved,             
,,,,Mandatory,Optional,,,,,,
GENERIC,frappe.auth.get_logged_user,v1,GET,,,Verifies the user's authentication status.,,,,,
,core.api.csrf.token,v1,GET,,,Retrieves the CSRF token for the current session.,,,,,
,core.get_roles?module=HROps,v1,GET,,,Identifies the user's role for the current application.,,"{
    ""message"": {
        ""employee"": 1,
        ""project_lead"": 0,
        ""proxy_project_lead"": 0,
        ""department_lead"": 0,
        ""proxy_department_lead"": 0,
        ""hrops_fl"": 1,
        ""hrops_pfl"": 0,
        ""hrops_admin"": 0,
        ""super_admin"": 0,
        ""is_fu"": 0
    }
}",,,
Quick Access,food.config.getapi.food_pr,v1,GET,,,To get the food preference of the logged in user,,"""{
  """"message"""": {
    """"location"""": """"Open Work Space 2 - IITMRP E Block"""",
    """"type"""": """"Non-Veg""""
  }
}""",,,
,food.config.putapi.update_prefer,v1,GET,,,To udpate the preference,"""{
    """"location"""":""""Thaiyur"""",
    """"type"""":""""Veg""""
}""","{
    ""message"": {
        ""status"": ""Success"",
        ""status_code"": 201,
        ""message"": ""Updated successfully.""
    }
}",,,
,food.config.getapi.booking_details,v1,GET,date,,Get the user's booking details and for the FL to get teh overall food details across all the facilities,,"For EMP :
{
    ""message"": {
        ""status"": ""success"",
        ""status_code"": 200,
        ""date"": ""10/10/2025"",
        ""data"": [
            {
                ""food_type"": ""Lunch"",
                ""scanned_time"": null,
                ""non_veg"": 0,
                ""status"": ""Booked"",
                ""location"": ""Thaiyur""
            },
            {
                ""food_type"": ""Dinner"",
                ""scanned_time"": null,
                ""non_veg"": 1,
                ""status"": ""Booked"",
                ""location"": ""Thaiyur""
            },
            {
                ""food_type"": ""Breakfast"",
                ""scanned_time"": null,
                ""non_veg"": 0,
                ""status"": ""Not Consumed"",
                ""location"": ""Open Work Space 2 - IITMRP E Block""
            }
        ],
        ""message"": ""Data fetched successfully""
    }
}

For FL :
  ""message"": {
    ""status"": ""success"",
    ""status_code"": 200,
    ""date"": ""10/10/2025"",
    ""data"": [
      {
        ""location"": ""Thaiyur"",
        ""booked"": 3,
        ""consumed"": 0,
        ""not_consumed"": 3
      },
      {
        ""location"": ""Open Work Space 2 - IITMRP E Block"",
        ""booked"": 1,
        ""consumed"": 0,
        ""not_consumed"": 1
      },
      {
        ""location"": ""SDSC - SHAR"",
        ""booked"": 0,
        ""consumed"": 0,
        ""not_consumed"": 0
      }
    ],
    ""message"": ""Data fetched successfully""
  },
",,,
,food.config.getapi.food_booking,v1,GET,location ,,quick access food booking,,"""{
  """"message"""": {
    """"user"""": """"emp10@erp.in"""",
    """"current_time"""": """"13:01"""",
    """"booking_info"""": {
      """"Breakfast"""": {
        """"menu"""": {
          """"Veg"""": """"Chapathi with Channa Masala""""
        },
        """"closing_time"""": """"05:00"""",
        """"bookable"""": 0,
        """"is_booked"""": 1
      },
      """"Lunch"""": {
        """"menu"""": {
          """"Veg"""": """"Chapathi with Channa Korma, Ghee Rice,Veg dalcha and Sweet """",
          """"Non-Veg"""": """"Chicken Gravy""""
        },
        """"closing_time"""": """"09:30"""",
        """"bookable"""": 0,
        """"is_booked"""": 0
      },
      """"Dinner"""": {
        """"menu"""": {
          """"Veg"""": """"4 nos Podi Dosa with Sambar and Chutney (Parcel)""""
        },
        """"closing_time"""": """"17:00"""",
        """"bookable"""": 1,
        """"is_booked"""": 0
      }
    }
  }
}""",,,
,food.config.putapi.edit_settings,v1,POST,,,edit consumptions slots,"""{
location:""""Thaiyur"""",
timings:{
        """"Breakfast"""":{""""closing_day_offset"""": 1, """"closing_time"""": """"05:00""""},
        """"Lunch"""":{""""closing_day_offset"""": 0, """"closing_time"""": """"09:30""""},
        """"Dinner"""":{""""closing_day_offset"""": 0, """"closing_time"""": """"17:00""""}
    }
}""","""{
    """"message"""": {
        """"status"""": """"Success"""",
        """"status_code"""": 201,
        """"message"""": """"Successfully updated timings for Thaiyur""""
    }
}""",,,
Dashboard,food.config.dashboard.dashboard,v1,GET,tab,"from_date,to_date",To get the visiablization of food request for all the facility,,"""FOOD :
 {
  ""message"": {
    ""message"": {
      ""stats_count"": {
        ""emp"": {
          ""booked"": 13,
          ""consumed"": {
            ""veg"": 0,
            ""non_veg"": 0
          },
          ""not_consumed"": {
            ""veg"": 10,
            ""non_veg"": 3
          },
          ""consumed_not_booked"": 4
        },
        ""manual"": {
          ""booked"": 54,
          ""consumed"": {
            ""veg"": 20,
            ""non_veg"": 0
          },
          ""not_consumed"": {
            ""veg"": 34,
            ""non_veg"": 0
          }
        }
      },
      ""graph"": {
        ""breakfast"": {
          ""emp"": {
            ""veg"": 1,
            ""non_veg"": 2
          },
          ""manual"": {
            ""veg"": 54,
            ""non_veg"": 0
          }
        },
        ""lunch"": {
          ""emp"": {
            ""veg"": 1,
            ""non_veg"": 1
          },
          ""manual"": {
            ""veg"": 0,
            ""non_veg"": 0
          }
        },
        ""dinner"": {
          ""emp"": {
            ""veg"": 8,
            ""non_veg"": 0
          },
          ""manual"": {
            ""veg"": 0,
            ""non_veg"": 0
          }
        }
      },
      ""table"": {
        ""breakfast"": {
          ""booked"": 57,
          ""consumed"": 20,
          ""not_consumed"": 37,
          ""consumed_not_booked"": 0
        },
        ""lunch"": {
          ""booked"": 2,
          ""consumed"": 0,
          ""not_consumed"": 2,
          ""consumed_not_booked"": 0
        },
        ""dinner"": {
          ""booked"": 8,
          ""consumed"": 0,
          ""not_consumed"": 8,
          ""consumed_not_booked"": 4
        }
      }
    }
  }
}
STOCK :
{
    """"message"""": {
        """"message"""": {
            """"items"""": 3,
            """"requests"""": 2,
            """"fulfilled"""": 0,
            """"total_spent"""": 69000.0,
            """"graph"""": [
                {
                    """"item"""": """"Sugar"""",
                    """"received"""": 15.0,
                    """"consumed"""": {
                        """"Thaiyur"""": 10.0
                    }
                },
                {
                    """"item"""": """"Cookies"""",
                    """"received"""": 20.0,
                    """"consumed"""": {
                        """"Thaiyur"""": 10.0
                    }
                }
            ],
            """"table"""": {
                """"Sugar"""": {
                    """"Thaiyur"""": {
                        """"requested"""": 15.0,
                        """"consumed"""": 10.0,
                        """"bills"""": 500.0
                    }
                },
                """"Cookies"""": {
                    """"Thaiyur"""": {
                        """"requested"""": 20.0,
                        """"consumed"""": 10.0,
                        """"bills"""": 0
                    }
                },
                """"Coffee"""": {
                    """"Thaiyur"""": {
                        """"requested"""": 0,
                        """"consumed"""": 0,
                        """"bills"""": 43000.0
                    }
                }
            }
        }
    }
}

BILLS :
{
    """"message"""": {
        """"location"""": {
            """"Thaiyur"""": {
                """"bills"""": 11,
                """"total"""": 69000.0
            }
        },
        """"type"""": {
            """"Coffee"""": {
                """"bills"""": 6,
                """"total"""": 43000.0
            },
            """"Food"""": {
                """"bills"""": 4,
                """"total"""": 25500.0
            },
            """"Sugar"""": {
                """"bills"""": 1,
                """"total"""": 500.0
            }
        }
    }
}""",,,
,food.config.dashboard.db_list,v1,GET,,"from_date,to_date",To get the list of skipped food booking employee as well as manual,,"""{
    """"message"""": {
        """"emp"""": [
            {
                """"emp"""": """"emp78@erp.in"""",
                """"booked"""": 1,
                """"not_consumed"""": 1,
                """"id"""": null,
                """"name"""": null
            },
            {
                """"emp"""": """"emp12@erp.in"""",
                """"booked"""": 3,
                """"not_consumed"""": 3,
                """"id"""": """"AGK012"""",
                """"name"""": """"EMP12""""
            }
        ],
        """"manual"""": []
    }
}""",,,
,food.config.export.data_export?key=food_report,v1,POST,key=food_report,"from_date,to_date,facility",To export booking details ,,,,,
Food Log,food.config.getapi.food_log,v1,GET,filter_by,"from_date,to_date,filter_text,start,limit",to get the food logs ,,"SELF :
{
    ""message"": {
        ""status"": ""Success"",
        ""status_code"": 200,
        ""message"": ""Records fetched successfully"",
        ""status_count"": {
            ""booked"": 3,
            ""consumed"": 1,
            ""not_consumed"": 1,
            ""consumed_not_booked"": 2
        },
        ""data"": [
            {
                ""food_type"": ""Dinner"",
                ""date"": ""2025-12-05"",
                ""location"": ""Open Work Space 2 - IITMRP E Block"",
                ""scanned_time"": null,
                ""non_veg"": ""Veg"",
                ""is_editable"": false,
                ""status"": ""booked""
            },
            {
                ""food_type"": ""Breakfast"",
                ""date"": ""2025-12-01"",
                ""location"": ""Thaiyur"",
                ""scanned_time"": ""18:07"",
                ""non_veg"": ""Veg"",
                ""is_editable"": false,
                ""status"": ""consumed""
            },
            {
                ""food_type"": ""Breakfast"",
                ""date"": ""2025-12-01"",
                ""location"": ""Thaiyur"",
                ""scanned_time"": ""2025-12-05 18:07:31"",
                ""is_editable"": false,
                ""non_veg"": ""Veg"",
                ""status"": ""consumed but not booked""
            },
            {
                ""food_type"": ""Lunch"",
                ""date"": ""2025-11-30"",
                ""location"": ""Open Work Space 2 - IITMRP E Block"",
                ""scanned_time"": null,
                ""non_veg"": ""Veg"",
                ""is_editable"": false,
                ""status"": ""not_consumed""
            },
            {
                ""food_type"": ""Dinner"",
                ""date"": ""2025-11-30"",
                ""location"": ""Open Work Space 2 - IITMRP E Block"",
                ""scanned_time"": ""2025-12-10 18:08:23"",
                ""is_editable"": false,
                ""non_veg"": ""Veg"",
                ""status"": ""consumed but not booked""
            }
        ],
        ""pagination"": {
            ""page"": 0,
            ""limit"": 10,
            ""total"": 5,
            ""pages"": 1
        }
    }
}

MANUAL :
{
    ""message"": {
        ""status"": ""Success"",
        ""status_code"": 200,
        ""message"": ""Records fetched successfully"",
        ""status_count"": {
            ""booked"": 20,
            ""consumed"": 0,
            ""not_consumed"": 20
        },
        ""data"": [
            {
                ""location"": ""Open Work Space 2 - IITMRP E Block"",
                ""date"": ""2025-12-05"",
                ""food_type"": ""Breakfast"",
                ""booked"": 20,
                ""consumed"": 0,
                ""not_consumed"": 20
            }
        ],
        ""pagination"": {
            ""page"": 0,
            ""limit"": 10,
            ""total"": 1,
            ""pages"": 1
        }
    }
}

ORGANISATION :
{
    ""message"": {
        ""status"": ""Success"",
        ""status_code"": 200,
        ""message"": ""Records fetched successfully"",
        ""status_count"": {
            ""booked"": 25.0,
            ""consumed"": 2.0,
            ""not_consumed"": 23.0,
            ""consumed_not_booked"": 4.0
        },
        ""data"": [
            {
                ""date"": ""2025-12-05"",
                ""location"": ""Open Work Space 2 - IITMRP E Block"",
                ""food_type"": ""Breakfast"",
                ""booked"": 20.0,
                ""consumed"": 0.0,
                ""not_consumed"": 20.0,
                ""consumed_not_booked"": 0.0
            },
            {
                ""date"": ""2025-12-05"",
                ""location"": ""Open Work Space 2 - IITMRP E Block"",
                ""food_type"": ""Dinner"",
                ""booked"": 2.0,
                ""consumed"": 0.0,
                ""not_consumed"": 2.0,
                ""consumed_not_booked"": 3.0
            },
            {
                ""date"": ""2025-12-01"",
                ""location"": ""Thaiyur"",
                ""food_type"": ""Breakfast"",
                ""booked"": 2.0,
                ""consumed"": 2.0,
                ""not_consumed"": 0.0,
                ""consumed_not_booked"": 1.0
            },
            {
                ""date"": ""2025-12-01"",
                ""location"": ""Thaiyur"",
                ""food_type"": ""Dinner"",
                ""booked"": 1.0,
                ""consumed"": 0.0,
                ""not_consumed"": 1.0,
                ""consumed_not_booked"": 0.0
            }
        ],
        ""pagination"": {
            ""page"": 0,
            ""limit"": 10,
            ""total"": 4,
            ""pages"": 1
        }
    }
}",,,
,food.config.putapi.book_food,v1,GET,,,To book food,"""data=[
    {""""lunch"""": [""""Open Work Space 2 - IITMRP E Block"""", 1, """"09-11-2025""""]},
    {""""dinner"""": [""""Open Work Space 2 - IITMRP E Block"""", 0, """"10-11-2025""""]}
]""","{
    ""message"": {
        ""message"": {
            ""success"": ""You have successfully booked for Lunch""
        }
    }
}",,,
,"food.config.putapi.edit_book_food
",v1,POST,,,to edit bookings,"""{
    """"data"""":{""""food_type"""": """"Breakfast"""", """"date"""": """"22-10-2025"""", """"location"""": """"Open Work Space 2 - IITMRP E Block""""},
    """"new_location"""":""""Thaiyur"""",
    """"new_non_veg"""":1
}""","{
    ""message"": {
        ""message"": {
            ""error"": ""Booking time has passed for Breakfast at Thaiyur""
        }
    }
}",,,
,food.config.putapi.delete_book_food,v1,POST,,,to delete bookings,"""{
    """"data"""":{""""food_type"""": """"Breakfast"""", """"date"""": """"21-10-2025"""", """"location"""": """"Thaiyur""""}
}""","{
    ""message"": {
        ""message"": {
            ""error"": ""Booking time has passed for Breakfast at Thaiyur""
        }
    }
}",,,
,food.config.putapi.manual_booking,v1,POST,,,To add manual count,"""{
    """"loc"""": """"Open Workspace - 1 (Thaiyur)"""",
    """"date"""":""""13-03-2025"""",
    """"data"""" :[
        {
            """"meal"""": """"breakfast"""",
            """"details"""": [
                {""""worker"""": """"Painters"""", """"veg"""": 1, """"non_veg"""": 3},
                {""""worker"""": """"Investors"""", """"veg"""": 2, """"non_veg"""": 4}
            ]
        },
        {
            """"meal"""": """"lunch"""",
            """"details"""": [
                {""""worker"""": """"Painters"""", """"veg"""": 20, """"non_veg"""": 20},
                {""""worker"""": """"Investors"""", """"veg"""": 20, """"non_veg"""": 20}
            ]
        },
        {
            """"meal"""": """"dinner"""",
            """"details"""": [
                {""""worker"""": """"Painters"""",""""veg"""": 6, """"non_veg"""": 5},
                {""""worker"""": """"Investors"""", """"veg"""": 4, """"non_veg"""": 5}
            ]
        }
    ]
}""",,,,
,"/food.config.putapi.edit_book_food
",v1,POST,,,To edit manual Count,"""{
    """"loc"""": """"Open Workspace - 1 (Thaiyur)"""",
    """"date"""":""""13-03-2025"""",
    """"data"""" :[
        {
            """"meal"""": """"breakfast"""",
            """"details"""": [
                {""""worker"""": """"Painters"""", """"veg"""": 1, """"non_veg"""": 3},
                {""""worker"""": """"Investors"""", """"veg"""": 2, """"non_veg"""": 4}
            ]
        },
        {
            """"meal"""": """"lunch"""",
            """"details"""": [
                {""""worker"""": """"Painters"""", """"veg"""": 20, """"non_veg"""": 20},
                {""""worker"""": """"Investors"""", """"veg"""": 20, """"non_veg"""": 20}
            ]
        },
        {
            """"meal"""": """"dinner"""",
            """"details"""": [
                {""""worker"""": """"Painters"""",""""veg"""": 6, """"non_veg"""": 5},
                {""""worker"""": """"Investors"""", """"veg"""": 4, """"non_veg"""": 5}
            ]
        }
    ]
}""",,,,
,food.config.putapi.delete_book_food,v1,DELETE,"loc, date",,To delete manual Count,"""{
    """"location"""": """"SHAR"""",
    """"date"""":""""24-03-2025"""",
    """"food_types"""":[""""Lunch"""",""""Breakfast""""]
}""",,,,
,"food.config.getapi.display_manual_fc
",v1,POST,"location,date,meal_type",,To display manual count,,"""""""message"""": [
        {
            """"meals"""": {
                """"lunch"""": {
                    """"veg"""": 11,
                    """"non_veg"""": 5
                }
            },
            """"worker_type"""": """"Painters""""
        },
        {
            """"meals"""": {
                """"breakfast"""": {
                    """"veg"""": 10,
                    """"non_veg"""": 5
                }
            },
            """"worker_type"""": """"Painters""""
        },
        {
            """"meals"""": {
                """"breakfast"""": {
                    """"veg"""": 10,
                    """"non_veg"""": 5
                }
            },
            """"worker_type"""": """"Investors""""
        },
        {
            """"meals"""": {
                """"lunch"""": {
                    """"veg"""": 4,
                    """"non_veg"""": 5
                }
            },
            """"worker_type"""": """"Investors""""
        },
        {
            """"meals"""": {
                """"dinner"""": {
                    """"veg"""": 6,
                    """"non_veg"""": 5
                }
            },
            """"worker_type"""": """"Painters""""
        },
        {
            """"meals"""": {
                """"dinner"""": {
                    """"veg"""": 4,
                    """"non_veg"""": 5
                }
            },
            """"worker_type"""": """"Investors""""
        }
    ]""",,,
,food.config.getapi.view_details,v1,GET,,,To display org count ,,"{
    ""message"": {
        ""status"": ""Success"",
        ""status_code"": 200,
        ""message"": ""Employee and manual meal booking summary fetched successfully"",
        ""data"": {
            ""date"": ""05-12-2025"",
            ""location"": ""Open Work Space 2 - IITMRP E Block"",
            ""meal_type"": ""Dinner"",
            ""stats_count"": {
                ""booked"": 2,
                ""consumed"": 0,
                ""not_consumed"": 2,
                ""consumed_not_booked"": 3.0
            },
            ""employee_summary"": {
                ""total_bookings"": 2,
                ""consumed_count"": 0,
                ""not_consumed_count"": 2,
                ""consumed_not_booked"": 3,
                ""consumed"": [],
                ""not_consumed"": [
                    {
                        ""emp"": ""EMP10@erp.in"",
                        ""scanned_time"": null
                    },
                    {
                        ""emp"": ""EMP90@erp.in"",
                        ""scanned_time"": null
                    }
                ],
                ""not_booked"": [
                    {
                        ""emp"": ""EMP3@erp.in"",
                        ""scanned_time"": ""18:16""
                    },
                    {
                        ""emp"": ""EMP3@erp.in"",
                        ""scanned_time"": ""18:16""
                    },
                    {
                        ""emp"": ""EMP7@erp.in"",
                        ""scanned_time"": ""18:20""
                    }
                ]
            },
            ""manual_summary"": {
                ""total_bookings"": 0,
                ""consumed_count"": 0,
                ""not_consumed_count"": 0,
                ""consumed"": [],
                ""not_consumed"": []
            }
        }
    }
}",,,
Food Menu,food.config.getapi.food_menu,v1,GET,location ,date,To get the menu,,"""{
  """"message"""": {
    """"Breakfast"""": {
      """"Monday"""": {
        """"Veg"""": """"  Pongal with Vada, Sambar and Chutney - 1 """"
      },
      """"Tuesday"""": {
        """"Veg"""": """"Poori with Aloo Sabzi """"
      },
      """"Wednesday"""": {
        """"Veg"""": """"Podi Dosa with Vada, Sambar and Chutney """"
      },
      """"Thursday"""": {
        """"Veg"""": """"Idly with Vada, Sambar and Chutney """"
      },
      """"Friday"""": {
        """"Veg"""": """"Chapathi with Channa Masala""""
      },
      """"Saturday"""": {
        """"Veg"""": """"Masala Dosa with Vada, Sambar and Chutney """"
      },
      """"Sunday"""": {
        """"Veg"""": """"-""""
      }
    },
    """"Lunch"""": {
      """"Monday"""": {
        """"Veg"""": """"Chapathi with Vegetable Korma, White Rice, Sambar, Rasam, Poriyal (or) Kootu, Papad, Sweet and Curd"""",
        """"Non-Veg"""": """"Egg""""
      },
      """"Tuesday"""": {
        """"Veg"""": """"Chapathi with Channa Korma, White Rice, Kaara Kuzhambu (or) Vatha Kuzhambu, Rasam, Papad , Sweet and Curd""""
      },
      """"Wednesday"""": {
        """"Veg"""": """"Chapathi with Channa Korma, Veg Biryani, Gobi 65, Onion Raitha, Brinjal Curry, Papad, Sweet"""",
        """"Non-Veg"""": """"Chicken Biryani""""
      },
      """"Thursday"""": {
        """"Veg"""": """"Chapathi with Dal fry, Tamarind Rice or Tomato Rice , Sambar Rice or Lemon Rice, Curd Rice, Thovaiyal and Papad""""
      },
      """"Friday"""": {
        """"Veg"""": """"Chapathi with Channa Korma, Ghee Rice,Veg dalcha and Sweet """",
        """"Non-Veg"""": """"Chicken Gravy""""
      },
      """"Saturday"""": {
        """"Veg"""": """"Chapathi with Dal fry, Veg briyani, Mint rice or Lemon rice, Curd rice, Thovaiyal and Papad""""
      },
      """"Sunday"""": {
        """"Veg"""": """"-"""",
        """"Non-Veg"""": """"-""""
      }
    },
    """"Dinner"""": {
      """"Monday"""": {
        """"Veg"""": """"4 nos Dosa with Sambar and Chutney (Parcel)""""
      },
      """"Tuesday"""": {
        """"Veg"""": """"4 nos Idly with Sambar and Chutney (Parcel)""""
      },
      """"Wednesday"""": {
        """"Veg"""": """"4 nos Chapathi with Channa masala (Parcel)""""
      },
      """"Thursday"""": {
        """"Veg"""": """"4 nos Uthappam with Sambar and Chutney (Parcel)""""
      },
      """"Friday"""": {
        """"Veg"""": """"4 nos Podi Dosa with Sambar and Chutney (Parcel)""""
      },
      """"Saturday"""": {
        """"Veg"""": """"4 nos Idly with Sambar and Chutney (Parcel)""""
      },
      """"Sunday"""": {
        """"Veg"""": """"-""""
      }
    },
    """"Beverages"""": {
      """"Monday"""": {
        """"Tea"""": 1,
        """"Milk"""": 1,
        """"Coffee"""": 1,
        """"Biscuits"""": 1
      },
      """"Tuesday"""": {
        """"Tea"""": 1,
        """"Milk"""": 1,
        """"Coffee"""": 1,
        """"Biscuits"""": 1
      },
      """"Wednesday"""": {
        """"Tea"""": 1,
        """"Milk"""": 1,
        """"Coffee"""": 1,
        """"Biscuits"""": 1
      },
      """"Thursday"""": {
        """"Tea"""": 1,
        """"Milk"""": 1,
        """"Coffee"""": 1,
        """"Biscuits"""": 1
      },
      """"Friday"""": {
        """"Tea"""": 1,
        """"Milk"""": 1,
        """"Coffee"""": 1,
        """"Biscuits"""": 1
      },
      """"Saturday"""": {
        """"Tea"""": 1,
        """"Milk"""": 1,
        """"Coffee"""": 1,
        """"Biscuits"""": 1
      }
    }
  }
}
IF Date passed

{
    """"message"""": {
        """"Breakfast"""": {
            """"Veg"""": """"Chapathi with Channa Masala""""
        },
        """"Lunch"""": {
            """"Veg"""": """"Chapathi with Channa Korma, Ghee Rice,Veg dalcha and Sweet """",
            """"Non-Veg"""": """"Chicken Gravy""""
        },
        """"Dinner"""": {
            """"Veg"""": """"4 nos Podi Dosa with Sambar and Chutney (Parcel)""""
        },
        """"Beverages"""": {
            """"Tea"""": 1,
            """"Milk"""": 1,
            """"Coffee"""": 1,
            """"Biscuits"""": 1
        }
    }
}""",,,
,food.config.putapi.update_menu,v1,POST,,,To Update the menu,"{
    ""location"":""Thaiyur"",
    ""data"":{
        ""Breakfast"": {
            ""Monday"": {
                ""Veg"": ""  Pongal with Vada, Sambar and Chutney - 1 ""
            },
            ""Tuesday"": {
                ""Veg"": ""Poori with Aloo Sabzi ""
            },
            ""Wednesday"": {
                ""Veg"": ""Podi Dosa with Vada, Sambar and Chutney ""
            },
            ""Thursday"": {
                ""Veg"": ""Idly with Vada, Sambar and Chutney ""
            },
            ""Friday"": {
                ""Veg"": ""Chapathi with Channa Masala""
            },
            ""Saturday"": {
                ""Veg"": ""Masala Dosa with Vada, Sambar and Chutney ""
            },
            ""Sunday"": {
                ""Veg"": ""-""
            }
        },
        ""Lunch"": {
            ""Monday"": {
                ""Veg"": ""Chapathi with Vegetable Korma, White Rice, Sambar, Rasam, Poriyal (or) Kootu, Papad, Sweet and Curd"",
                ""Non-Veg"": ""Egg""
            },
            ""Tuesday"": {
                ""Veg"": ""Chapathi with Channa Korma, White Rice, Kaara Kuzhambu (or) Vatha Kuzhambu, Rasam, Papad , Sweet and Curd""
            },
            ""Wednesday"": {
                ""Veg"": ""Chapathi with Channa Korma, Veg Biryani, Gobi 65, Onion Raitha, Brinjal Curry, Papad, Sweet"",
                ""Non-Veg"": ""Chicken Biryani""
            },
            ""Thursday"": {
                ""Veg"": ""Chapathi with Dal fry, Tamarind Rice or Tomato Rice , Sambar Rice or Lemon Rice, Curd Rice, Thovaiyal and Papad""
            },
            ""Friday"": {
                ""Veg"": ""Chapathi with Channa Korma, Ghee Rice,Veg dalcha and Sweet "",
                ""Non-Veg"": ""Chicken Gravy""
            },
            ""Saturday"": {
                ""Veg"": ""Chapathi with Dal fry, Veg briyani, Mint rice or Lemon rice, Curd rice, Thovaiyal and Papad""
            },
            ""Sunday"": {
                ""Veg"": ""-"",
                ""Non-Veg"": ""-""
            }
        },
        ""Dinner"": {
            ""Monday"": {
                ""Veg"": ""4 nos Dosa with Sambar and Chutney (Parcel)""
            },
            ""Tuesday"": {
                ""Veg"": ""4 nos Idly with Sambar and Chutney (Parcel)""
            },
            ""Wednesday"": {
                ""Veg"": ""4 nos Chapathi with Channa masala (Parcel)""
            },
            ""Thursday"": {
                ""Veg"": ""4 nos Uthappam with Sambar and Chutney (Parcel)""
            },
            ""Friday"": {
                ""Veg"": ""4 nos Podi Dosa with Sambar and Chutney (Parcel)""
            },
            ""Saturday"": {
                ""Veg"": ""4 nos Idly with Sambar and Chutney (Parcel)""
            },
            ""Sunday"": {
                ""Veg"": ""-""
            }
        },
        ""Beverages"": {
            ""Monday"": {
                ""Tea"": 1,
                ""Milk"": 1,
                ""Coffee"": 1,
                ""Biscuits"": 1
            },
            ""Tuesday"": {
                ""Tea"": 1,
                ""Milk"": 1,
                ""Coffee"": 1,
                ""Biscuits"": 1
            },
            ""Wednesday"": {
                ""Tea"": 1,
                ""Milk"": 1,
                ""Coffee"": 1,
                ""Biscuits"": 1
            },
            ""Thursday"": {
                ""Tea"": 1,
                ""Milk"": 1,
                ""Coffee"": 1,
                ""Biscuits"": 1
            },
            ""Friday"": {
                ""Tea"": 1,
                ""Milk"": 1,
                ""Coffee"": 1,
                ""Biscuits"": 1
            },
            ""Saturday"": {
                ""Tea"": 1,
                ""Milk"": 1,
                ""Coffee"": 1,
                ""Biscuits"": 1
            }
        }
    }
}","{
    ""message"": {
        ""status"": ""success"",
        ""status_code"": 200,
        ""message"": ""Menu updated successfully""
    }
}",,,
Stock Management,food.config.getapi.iv_log,v1,GET,tab,"from_date,to_date,filter_text,start,limit","For list stock , request log and consumption",,"Stock :
{
    ""message"": {
        ""status"": ""success"",
        ""status_code"": 200,
        ""data"": [
            {
                ""item_code"": ""ITM-005"",
                ""item"": ""Item-2"",
                ""uom"": ""Litre"",
                ""facility"": ""Thaiyur"",
                ""quantity"": 0.0,
                ""modified"": ""2025-10-24 17:58:39.435502""
            },
            {
                ""item_code"": ""ITM-005"",
                ""item"": ""Item-2"",
                ""uom"": ""Litre"",
                ""facility"": ""Open Work Space 2 - IITMRP E Block"",
                ""quantity"": 0.0,
                ""modified"": ""2025-10-24 17:58:39.435502""
            },
            {
                ""item_code"": ""ITM-004"",
                ""item"": ""Item-1"",
                ""uom"": ""Kg"",
                ""facility"": ""Thaiyur"",
                ""quantity"": 0.0,
                ""modified"": ""2025-10-24 17:58:39.394210""
            },
            {
                ""item_code"": ""ITM-003"",
                ""item"": ""Item-1"",
                ""uom"": ""Kg"",
                ""facility"": ""Thaiyur"",
                ""quantity"": 0.0,
                ""modified"": ""2025-10-24 17:58:11.264561""
            },
            {
                ""item_code"": ""ITM-002"",
                ""item"": ""Item-1"",
                ""uom"": ""Kg"",
                ""facility"": ""Thaiyur"",
                ""quantity"": 0.0,
                ""modified"": ""2025-10-24 14:08:09.057918""
            },
            {
                ""item_code"": ""ITM-001"",
                ""item"": ""Item-1"",
                ""uom"": ""Kg"",
                ""facility"": ""Thaiyur"",
                ""quantity"": 0.0,
                ""modified"": ""2025-10-24 14:08:09.048822""
            }
        ],
        ""pagination"": {
            ""page"": 0,
            ""limit"": 20,
            ""total"": 6,
            ""pages"": 1
        }
    }
}

request :

{{
    ""message"": {
        ""status"": ""Success"",
        ""status_code"": 200,
        ""data"": [
            {
                ""name"": ""REQ-0026"",
                ""creation"": ""2025-10-28 14:34:36.320431"",
                ""owner"": ""emp78@erp.in"",
                ""vendor"": ""Kumar"",
                ""status"": ""Yet To Receive"",
                ""facility"": ""Thaiyur"",
                ""modified"": ""2025-10-28 14:34:36.320431""
            },
            {
                ""name"": ""REQ-0020"",
                ""creation"": ""2025-10-28 13:54:24.328584"",
                ""owner"": ""emp78@erp.in"",
                ""vendor"": ""Kumar"",
                ""status"": ""Partially Received"",
                ""facility"": ""Thaiyur"",
                ""modified"": ""2025-10-28 14:11:11.110890""
            }
        ],
        ""stats_count"": {
            ""requested"": 2,
            ""yet_to_receive"": 2,
            ""partial"": 2,
            ""received"": 0
        },
        ""pagination"": {
            ""page"": 0,
            ""limit"": 20,
            ""total"": 2,
            ""pages"": 1
        }
    }
}

Consumption :
{
    ""message"": {
        ""status"": ""Success"",
        ""status_code"": 200,
        ""data"": [
            {
                ""name"": ""TRF-1025-0001"",
                ""creation"": ""28-10-2025"",
                ""updated_by"": ""emp78@erp.in"",
                ""items"": 1,
                ""type"": ""Transfer"",
                ""facility"": ""Thaiyur"",
                ""modified"": ""2025-10-28 14:27:51.952282""
            },
            {
                ""name"": ""TRF_1025_0001"",
                ""creation"": ""28-10-2025"",
                ""updated_by"": ""emp78@erp.in"",
                ""items"": 1,
                ""type"": ""Transfer"",
                ""facility"": ""Thaiyur"",
                ""modified"": ""2025-10-28 14:25:03.430426""
            },
            {
                ""name"": ""CON_1025_0005"",
                ""creation"": ""28-10-2025"",
                ""updated_by"": ""emp78@erp.in"",
                ""items"": 2,
                ""type"": ""Consumption"",
                ""facility"": ""Thaiyur"",
                ""modified"": ""2025-10-28 14:20:35.145571""
            }
        ],
        ""stats_count"": {
            ""log"": 3,
            ""items"": 4
        },
        ""pagination"": {
            ""page"": 0,
            ""limit"": 20,
            ""total"": 3,
            ""pages"": 1
        }
    }
}",,,
,food.config.putapi.add_items,v1,POST,,,To add a list of items,"{
    ""data"": [
        { ""item"": ""Sugar"", ""uom"": ""Kg"", ""facility_list"": [""Thaiyur"",""Open Work Space 2 - IITMRP E Block"",""SDSC - SHAR""] },
        { ""item"": ""Cookies"", ""uom"": ""Pkt"", ""facility_list"": [""Thaiyur"", ""Open Work Space 2 - IITMRP E Block""] },
        { ""item"": ""Milk"", ""uom"": ""Litre"", ""facility_list"": [""Thaiyur"", ""Open Work Space 2 - IITMRP E Block"",""SDSC - SHAR""] }
    ]
}
","{
    ""message"": {
        ""status"": ""success"",
        ""status_code"": 201,
        ""message"": ""Item(s) added successfully""
    }
}",,,
,food.config.getapi.stocks,v1,GET,,Item,To get the list of items,,"WIth out item 
{
    ""message"": [
        ""Item-2"",
        ""Item-1""
    ]
}
When item is passed 
{
    ""message"": {
        ""uom"": ""Litre"",
        ""item_code"": ""ITM-005""
    }
}",,,
,food.config.putapi.request_stock,v1,POST,,,To Request stock,"{
    ""vendor"": ""Kumar"",
    ""facility"": ""Thaiyur"",
    ""items"": [
        {
            ""item_code"": ""ITM-001"",
            ""item"":""Item-1"",
            ""qty"": 35
        },
        {
            ""item_code"": ""ITM-002"",
            ""item"":""Item-2"",
            ""qty"": 150
        }
    ]
}","{
    ""message"": {
        ""status"": ""success"",
        ""status_code"": 201,
        ""message"": ""Request raised successfully."",
        ""data"": {
            ""name"": ""STR-MMYY-0029""
        }
    }
}",,,
,food.config.putapi.update_stock,v1,POST,,,To Update the received quantity of items,"{
    ""docname"": ""STR-0002"",
    ""items"": [
        {""item_code"": ""ITM-001"", ""item"": ""Item-1"", ""uom"": ""Kg"", ""quantity"": 15},
        {""item_code"": ""ITM-002"", ""item"": ""Item-2"", ""uom"": ""Kg"", ""quantity"": 20}
    ]
}",,,,
,,,,,,To Update the stock in bulk without any request ,"{
    ""facility"": ""Thaiyur"",
    ""items"": [
        {""item_code"": ""ITM-001"", ""item"": ""Item-1"", ""uom"": ""Kg"", ""quantity"": 20},
        {""item_code"": ""ITM-002"", ""item"": ""Item-2"", ""uom"": ""Kg"", ""quantity"": 10}
    ]
}",,,,
,food.config.putapi.update_consumption,v1,POST,,,To add consumption log,"{   
    ""type"":""Consumption"",
    ""from_facility"":""Thaiyur"",
    ""to_facility"":""Thaiyur"",
    ""items"": [
        {""item_code"": ""ITM-001"", ""item"": ""Item-1"", ""quantity"": 5},
        {""item_code"": ""ITM-002"", ""item"": ""Item-2"", ""quantity"": 5}
    ]
}",,,,
,,,,,,To add transfer log,"{   
    ""type"":""Transfer"",
    ""from_facility"":""Thaiyur"",
    ""to_facility"":""SDSC - SHAR"",
    ""items"": [
        {""item_code"": ""ITM-002"", ""item"": ""Item-1"", ""quantity"": 5}
    ]
}",,,,
,food.config.getapi.view_details,v1,GET,docname,,View Stock Request ,,"{
    ""message"": {
        ""status"": ""Success"",
        ""status_code"": 200,
        ""data"": {
            ""name"": ""REQ-0030"",
            ""location"": ""Thaiyur"",
            ""raised_by"": ""Administrator"",
            ""requested_on"": ""19-11-2025| 15:56"",
            ""vendor"": ""Kumar Suppliers"",
            ""status"": ""Yet To Receive"",
            ""items"": [
                {
                    ""item_code"": ""ITM-008"",
                    ""item"": ""Cooking Oil"",
                    ""uom"": ""Litre"",
                    ""requested"": ""60"",
                    ""received"": ""0""
                },
                {
                    ""item_code"": ""ITM-014"",
                    ""item"": ""Eggs"",
                    ""uom"": ""Dozen"",
                    ""requested"": ""26"",
                    ""received"": ""0""
                },
                {
                    ""item_code"": ""ITM-024"",
                    ""item"": ""Tissue Papers"",
                    ""uom"": ""Pkt"",
                    ""requested"": ""45"",
                    ""received"": ""0""
                }
            ]
        },
        ""message"": ""bill data fetched successfully !""
    }
}",,,
,food.config.getapi.view_details,v1,GET,docname,,View Consumption_log,,"{
    ""message"": {
        ""status"": ""Success"",
        ""status_code"": 200,
        ""data"": {
            ""name"": ""CON_1025_0005"",
            ""location"": ""Thaiyur"",
            ""updated_by"": ""emp78@erp.in"",
            ""consumed_on"": ""28-10-2025| 14:20"",
            ""items"": [
                {
                    ""item_code"": ""ITM-001"",
                    ""item"": ""Sugar"",
                    ""uom"": ""Kg"",
                    ""quantity"": 5
                },
                {
                    ""item_code"": ""ITM-002"",
                    ""item"": ""Cookies"",
                    ""uom"": ""Pkt"",
                    ""quantity"": 5
                }
            ]
        },
        ""message"": ""bill data fetched successfully !""
    }
}",,,
Vendors,food.config.getapi.get_vendors,v1,GET,,filter_text,list the vendor,,"{
    ""message"": {
        ""status"": ""Success"",
        ""status_code"": 200,
        ""data"": {
            ""current"": [
                {
                    ""name"": ""FV-08-25-01048"",
                    ""location"": ""Open Work Space 2 - IITMRP E Block"",
                    ""vendor"": ""Supplier 1"",
                    ""contact_person"": ""-"",
                    ""email"": ""-"",
                    ""contact_number"": ""9876543219""
                }
            ],
            ""active"": [
                {
                    ""name"": ""FV-10-25-00005"",
                    ""location"": ""Thaiyur"",
                    ""vendor"": ""Supplier 1"",
                    ""contact_person"": ""qwertyuiop[plkjhgfd"",
                    ""email"": ""test@gamil.in"",
                    ""contact_number"": ""1234567890""
                },
                {
                    ""name"": ""FV-10-25-00003"",
                    ""location"": ""Rocket Factory - IITMRP A Block"",
                    ""vendor"": ""Supplier 1"",
                    ""contact_person"": null,
                    ""email"": null,
                    ""contact_number"": null
                }
            ]
        },
        ""message"": ""Data Fetched Successfully""
    }
}",,,
,food.config.putapi.add_vendor,v1,POST,,,add vendor,"{
    ""vendor"":""Supplier 1"",
    ""location"":""Thaiyur"",
    ""contact_person"":""qwertyuiop[plkjhgfd"",
    ""contact_number"":1234567890,
    ""email"":""test@gamil.in""
}","{
    ""message"": {
        ""status"": ""success"",
        ""status_code"": 201,
        ""message"": ""Vendor created successfully"",
        ""vendors"": [
            ""FV-12-25-00496""
        ]
    }
}",,,
,food.config.putapi.update_vendor,v1,POST,,,"update vendor details like marking then in - active , current , active","Required fields alone
{
    ""vendor"":""Supplier 1"",
    ""location"":""Thaiyur"",
    ""contact_person"":""qwertyuiop[plkjhgfd"",
    ""contact_number"":1234567890,
    ""email"":""test@gamil.in""
    ""is_active"":1,
     ""is_current"":0
},","{
    ""message"": {
        ""status"": ""success"",
        ""status_code"": 200,
        ""message"": ""Vendor updated successfully"",
        ""vendor_name"": ""FV-10-25-00005""
    }
}",,,
Reports,food.config.putapi.add_report,v1,POST,,,To add a report ,"{
  ""issues"": ""Unhygienic kitchen"",
  ""location"": ""Thaiyur"",
  ""description"": ""The kitchen area was found to be dirty with unclean utensils and spilled food."",
  ""priority"": ""High"",
  ""attach_images"": [""file_url_or_attachment_id""]
}","{
    ""message"": {
        ""status"": ""success"",
        ""status_code"": 201,
        ""message"": ""report created successfully"",
        ""vendor_name"": ""FR-10-25-00012""
    }
}",,,
,food.config.getapi.get_reports,v1,GET,,"from_date,to_date,filter_text",To get reports,,"{
    ""message"": {
        ""status"": ""Success"",
        ""status_code"": 200,
        ""data"": [
            {
                ""name"": ""FR-10-25-00011"",
                ""priority"": ""High"",
                ""issues"": ""Unhygienic kitchen"",
                ""location"": ""Thaiyur"",
                ""creation"": ""17-10-2025"",
                ""description"": ""The kitchen area was found to be dirty with unclean utensils and spilled food.""
            },
            {
                ""name"": ""FR-10-25-00010"",
                ""priority"": null,
                ""issues"": ""Unhygienic kitchen"",
                ""location"": ""Thaiyur"",
                ""creation"": ""17-10-2025"",
                ""description"": ""The kitchen area was found to be dirty with unclean utensils and spilled food.""
            },
            {
                ""name"": ""FR-10-25-00009"",
                ""priority"": null,
                ""issues"": ""Unhygienic kitchen"",
                ""location"": ""Thaiyur"",
                ""creation"": ""17-10-2025"",
                ""description"": ""The kitchen area was found to be dirty with unclean utensils and spilled food.""
            },
            {
                ""name"": ""FR-10-25-00008"",
                ""priority"": null,
                ""issues"": ""Unhygienic kitchen"",
                ""location"": null,
                ""creation"": ""17-10-2025"",
                ""description"": ""The kitchen area was found to be dirty with unclean utensils and spilled food.""
            },
            {
                ""name"": ""FR-10-25-00007"",
                ""priority"": null,
                ""issues"": ""Unhygienic kitchen"",
                ""location"": null,
                ""creation"": ""17-10-2025"",
                ""description"": ""The kitchen area was found to be dirty with unclean utensils and spilled food.""
            },
            {
                ""name"": ""FR-10-25-00006"",
                ""priority"": null,
                ""issues"": ""Unhygienic kitchen"",
                ""location"": null,
                ""creation"": ""17-10-2025"",
                ""description"": ""The kitchen area was found to be dirty with unclean utensils and spilled food.""
            }
        ],
        ""message"": ""reports fetched succussfully !""
    }
}",,,
,food.config.getapi.view_details,v1,GET,docname,,To view report,None,"{
    ""message"": {
        ""status"": ""Success"",
        ""status_code"": 200,
        ""data"": {
            ""name"": ""FR-10-25-00011"",
            ""priority"": ""High"",
            ""issues"": ""Unhygienic kitchen"",
            ""description"": ""The kitchen area was found to be dirty with unclean utensils and spilled food."",
            ""status"": ""Raised"",
            ""raised_by"": ""EMP11_A_PPL"",
            ""location"": ""Thaiyur"",
            ""raised_on"": ""17-10-2025"",
            ""response"": {
                ""resolved_by"": ""EMP11_A_PPL"",
                ""resolved_on"": null,
                ""action"": ""Pening"",
                ""notes"": null
            }
        },
        ""message"": ""reports fetched succussfully !""
    }
}",,,
,food.config.putapi.mark_resolved,v1,POST,docname,,To Resolve a report,None,"{
    ""message"": {
        ""status"": ""success"",
        ""status_code"": 200,
        ""message"": ""Report marked as resolved!""
    }
}",,,
Bills,food.config.getapi.list_bills,v2,GET,"from_date,
to_date,
location
filter_text","type, status,vendor,location
filter_text",To List all the bills,None,"{
    ""message"": {
        ""status"": ""success"",
        ""status_code"": 200,
        ""stats_count"": {
            ""total_bills"": 2,
            ""total_amount"": ""10.00 CR"",
            ""bills_pending"": 1.0,
            ""amount_pending"": ""5.00 CR"",
            ""bills_paid"": 1.0,
            ""amount_paid"": ""5.00 CR""
        },
        ""data"": [
            {
                ""name"": ""FI-01-26-00068"",
                ""vendor"": ""supplier 2"",
                ""invoice_date"": ""2026-01-02"",
                ""payment_value"": ""5.00 CR"",
                ""status"": ""Completed"",
                ""invoice_type"": ""Stock""
            },
            {
                ""name"": ""FI-01-26-00067"",
                ""vendor"": ""supplier 2"",
                ""invoice_date"": ""2026-01-02"",
                ""payment_value"": ""5.00 CR"",
                ""status"": ""Pending"",
                ""invoice_type"": ""Food""
            }
        ],
        ""pagination"": {
            ""page"": 0,
            ""limit"": 10,
            ""total"": 2,
            ""pages"": 1
        }
    }
}",,,
,food.config.getapi.view_details,v2,GET,docname,,To view details of a bill,,"{
    ""message"": {
        ""status"": ""Success"",
        ""status_code"": 200,
        ""data"": {
            ""name"": ""FI-10-25-32854"",
            ""location"": ""Thaiyur"",
            ""raised_by"": ""Administrator"",
            ""raised_on"": ""22-10-2025| 10:49"",
            ""vendor"": ""Supplier 1"",
            ""invoice_type"": ""Food"",
            ""invoice_date"": ""21-10-2025"",
            ""due_date"": ""24-10-2025"",
            ""payment_value"": ""8000"",
            ""bills"": [
                ""01e742b09ca4e05b""
            ],
            ""notes"": null
        },
        ""message"": ""reports fetched succussfully !""
    }
}",,,
,food.config.putapi.add_bills,v2,POST,,,To add a Bill,"{
    ""data"":{
        ""facility"":""Thaiyur"",
        ""item"":""Coffee"",
        ""invoice_type"":""Stock"",
        ""details"":[
            {
            ""vendor"":""Supplier 1"",
            ""invoice_date"":""2025-10-22"",
            ""due_date"":""2025-10-28"",
            ""payment_value"":""8500"",
            ""status"":""Pending"",
            ""bills"":[""24356"",""4567""],
            ""notes"":""sdfghyjujhgfd""
            },
             {
            ""vendor"":""Supplier 1"",
            ""invoice_date"":""2025-10-22"",
            ""due_date"":""2025-10-28"",
            ""payment_value"":""500"",
            ""bills"":[""24356"",""4567""],
            ""notes"":""sdfghyjujhgfd""
            }
        ]
    }
}","{
    ""message"": {
        ""status"": ""success"",
        ""status_code"": 201,
        ""message"": ""Bills Generated successfully""
    }
}",,,
,food.config.putapi.update_bills,v1,PUT,docname,,To update the status of the bill,,"{
    ""message"": {
        ""status"": ""success"",
        ""status_code"": 200,
        ""message"": ""Bill status updated successfully"",
    }
}",,,